{
  "timestamp": "2026-05-28T12:51:27.660535",
  "source": "FMA Phase 2 Real Data",
  "track_count": 999,
  "genre_count": 3,
  "privacy_guarantee": "epsilon-DP (epsilon=0.5)",
  "genres": {
    "Hip-Hop": {
      "track_count": 340,
      "artist_count": 170,
      "tempo": {
        "mean": 128.78247908513956,
        "std": 29.85070623991145,
        "median": 114.54969000350304
      },
      "duration": {
        "mean": 210.02202397916952,
        "std": 22.148589772146195,
        "median": 62.306567942600225
      },
      "characteristics": {
        "slow_tempo": 0.3029411764705882,
        "fast_tempo": 0.31176470588235294,
        "short_tracks": 0.0,
        "long_tracks": 0.0
      },
      "privacy": "epsilon-DP with epsilon=0.5"
    },
    "Rock": {
      "track_count": 320,
      "artist_count": 160,
      "tempo": {
        "mean": 118.1729392042671,
        "std": 28.38771573861749,
        "median": 93.51782206058498
      },
      "duration": {
        "mean": 184.36046571127062,
        "std": 30.773531621650875,
        "median": 220.93382488497141
      },
      "characteristics": {
        "slow_tempo": 0.334375,
        "fast_tempo": 0.28125,
        "short_tracks": 0.0,
        "long_tracks": 0.0
      },
      "privacy": "epsilon-DP with epsilon=0.5"
    },
    "Electronic": {
      "track_count": 339,
      "artist_count": 170,
      "tempo": {
        "mean": 96.90388956355369,
        "std": 25.341310940833445,
        "median": 95.57473298722674
      },
      "duration": {
        "mean": 159.25005640447387,
        "std": 36.006170231895815,
        "median": 82.33219499893865
      },
      "characteristics": {
        "slow_tempo": 0.3008849557522124,
        "fast_tempo": 0.3008849557522124,
        "short_tracks": 0.0,
        "long_tracks": 0.0
      },
      "privacy": "epsilon-DP with epsilon=0.5"
    }
  }
}